nombre,genero
ADRIANA,fem
AINHOA,fem
ALBA,fem
ANA,fem
ANA MARIA,fem
ANDREA,fem
ANGELES,fem
ANTONIA,fem
ASUNCION,fem
BEATRIZ,fem
BEGONIA,fem
CARMEN,fem
CLARA,fem
CONCEPCION,fem
CONSUELO,fem
CRISTINA,fem
DOLORES,fem
ELENA,fem
ENCARNACION,fem
EVA,fem
FRANCISCA,fem
GLORIA,fem
INES,fem
IRENE,fem
IRIS,fem
ISABEL,fem
JOSEFA,fem
JULIA,fem
LARA,fem
LAURA,fem
LEIRE,fem
LIDIA,fem
LOURDES,fem
LUCIA,fem
LUISA,fem
MANUELA,fem
MARIA,fem
MARIA ANGELES,fem
MARIA CONCEPCION,fem
MARIA DEL,fem
MARIA DEL CARMEN,fem
MARIA DEL MAR,fem
MARIA DEL PILAR,fem
MARIA DOLORES,fem
MARIA ISABEL,fem
MARIA JOSE,fem
MARIA LUISA,fem
MARIA MERCEDES,fem
MARIA ROSA,fem
MARIA TERESA,fem
MARTA,fem
MERCEDES,fem
MIRIAM,fem
MONTSERRAT,fem
NAHIA,fem
NEREA,fem
NOELIA,fem
NURIA,fem
OLGA,fem
PATRICIA,fem
PAULA,fem
PILAR,fem
RAQUEL,fem
REYES,fem
ROCIO,fem
ROSA,fem
ROSARIO,fem
SARA,fem
SILVIA,fem
SOFIA,fem
SOLEDAD,fem
TERESA,fem
TRINIDAD,fem
VEGA,fem
VICTORIA,fem
ADRIAN,masc
ALBERTO,masc
ALEJANDRO,masc
ANDRES,masc
ANGEL,masc
ANTONIO,masc
CARLOS,masc
DANIEL,masc
DAVID,masc
DIEGO,masc
EMILIO,masc
FERNANDO,masc
FRANCISCO,masc
GABRIEL,masc
GUILLERMO,masc
HUGO,masc
IGNACIO,masc
IVAN,masc
JAVIER,masc
JOAQUIN,masc
JORGE,masc
JOSE,masc
JOSE ANTONIO,masc
JOSE LUIS,masc
JOSE MANUEL,masc
JOSE MARIA,masc
JUAN,masc
JUAN ANTONIO,masc
JUAN CARLOS,masc
JUAN JOSE,masc
LUIS,masc
MANUEL,masc
MARCOS,masc
MARTIN,masc
MATEO,masc
MIGUEL,masc
NICOLAS,masc
OSCAR,masc
PABLO,masc
PEDRO,masc
RAFAEL,masc
RAUL,masc
RICARDO,masc
ROBERTO,masc
RUBEN,masc
SALVADOR,masc
SERGIO,masc
SIMON,masc
VICTOR,masc
